{"data": [{"title": "train dataset", "table_names": [{"nlq": "how many cwsn toilets are there in the school xyz?", "table": "wellbeing"}, {"nlq": "what is the total purchase done on the ad campaign 'ia-tata-nexon23rd april'?", "table": "tml"}, {"nlq": "what is the number of unique clicks for campaign named 'ia-tata-nexon23rd april'?", "table": "tml"}, {"nlq": "how many entries are there for campaign name 'ia-tata-nexon23rd april'", "table": "tml"}, {"nlq": "which restaurant has hisghest rating in the region xyz", "table": "wellbeing"}, {"nlq": "monthly spend based on each region for campaign named 'ia-tata-nexon23rd april'", "table": "tml"}, {"nlq": "restaurants in location xyz", "table": "wellbeing"}, {"nlq": "percent houses having lpg as cooking fuel in village named xyz", "table": "wellbeing"}, {"nlq": "locality with restaurants having highest rating", "table": "wellbeing"}, {"nlq": "average clicks for different marketing channel for account named 'pfizer'", "table": "pfizer"}, {"nlq": "max reach for different age group for publisher platform 'instagram'", "table": "pfizer"}, {"nlq": "what is the aggregate score of the school xyz?", "table": "wellbeing"}, {"nlq": "percent house havining cars in village named xyz", "table": "wellbeing"}, {"nlq": "how many schools in district xyz has functional desktops?", "table": "wellbeing"}, {"nlq": "ratio of rural villages to urban villages", "table": "wellbeing"}, {"nlq": "how many ad's videos are played 95% of total time?", "table": "tml"}, {"nlq": "how many times the ad is shown for stats id '121203210'?", "table": "tml"}, {"nlq": "give me the campaign name for ad named 'xyz'.", "table": "tml"}, {"nlq": "give me the frequency of ad campaign 'ia-tata-tiago_21st june - search' having a reach of 11.", "table": "tml"}, {"nlq": "give me the total revenue for 'tata motors ia (test)'.", "table": "tml"}, {"nlq": "houses having car", "table": "wellbeing"}, {"nlq": "maximum total_purchases based on each device platform for publisher platform 'facebook'", "table": "tml"}, {"nlq": "restaurants with italian cuisine", "table": "wellbeing"}, {"nlq": "how many times the video in ad campaign 'ia-tata-nexon23rd april' was played to 95%?", "table": "tml"}, {"nlq": "is the school xyz co educational or girl's school?", "table": "wellbeing"}, {"nlq": "total videos watched 95% based on each age for start date of stats '29-04-2021 00:00'", "table": "pfizer"}, {"nlq": "how many total students are there in school xyz?", "table": "wellbeing"}, {"nlq": "how many teachers per school are there on average in the state xyz?", "table": "wellbeing"}, {"nlq": "what's the age group for stats id '121203210'?", "table": "tml"}, {"nlq": "restaurants with price range xyz", "table": "wellbeing"}, {"nlq": "total spends on facebook each region", "table": "tml"}, {"nlq": "what is the activity status of campaign with ad named 'xyz'?", "table": "tml"}, {"nlq": "daily spends for first 30 days from start date stats '29-04-2021 00:00'", "table": "tml"}, {"nlq": "give me the ratio of money spend by tata motors to the number of times video was played to 95% for stats id '121203210'.", "table": "tml"}, {"nlq": "maximum clicks based on each device platform for publisher platform 'facebook'", "table": "pfizer"}, {"nlq": "maximum impressions based on each device platform for publisher platform 'facebook'", "table": "pfizer"}, {"nlq": "phone number of restaurants in street xyz", "table": "wellbeing"}, {"nlq": "in state xyz, how many districts have co-educational and primary school", "table": "wellbeing"}, {"nlq": "all active campaigns in the month of january", "table": "tml"}, {"nlq": "count video_p95_watched_actions based on each gender for publisher platform 'instagram'", "table": "pfizer"}, {"nlq": "minimum spend based on each gender for 30 days from date_stats_start '29-04-2021 00:00'", "table": "pfizer"}, {"nlq": "what is the building status of the school xyz?", "table": "wellbeing"}, {"nlq": "what is the status of library availaibility of the school xyz?", "table": "wellbeing"}, {"nlq": "maximum clicks based on each device platform for publisher platform 'facebook'", "table": "tml"}, {"nlq": "how many facility names are there in h3index xyz", "table": "wellbeing"}, {"nlq": "maximum clicks based on each adset name for campaign named 'ia_pfizer_elderly_prevenar'", "table": "pfizer"}, {"nlq": "street name of restaurant xyz", "table": "wellbeing"}, {"nlq": "which region serves all types of cuisines", "table": "wellbeing"}, {"nlq": "average total_purchases for different marketing channel for account named 'tata motors ia(test)'", "table": "tml"}, {"nlq": "how many schools have toilet for children with special abibilities in the state xyz?", "table": "wellbeing"}, {"nlq": "minimum total_purchases based on each gender device for group type 'xyz'", "table": "pfizer"}, {"nlq": "how can i pay in restaurant xyz", "table": "wellbeing"}, {"nlq": "top 5 campaigns in last one week according to spends", "table": "tml"}, {"nlq": "geographical area of village 'xyz'", "table": "wellbeing"}, {"nlq": "percent house using banks in village xyz", "table": "wellbeing"}, {"nlq": "how many toilets are there for children with special abibilities in the school xyz?", "table": "wellbeing"}, {"nlq": "monthly spend based on each region for campaign named 'ia_pfizer_elderly_prevenar'", "table": "pfizer"}, {"nlq": "daily spends for first 30 days from start date stats '29-04-2021 00:00'", "table": "pfizer"}, {"nlq": "for which stats id, all conversion is non zero?", "table": "tml"}, {"nlq": "average reach for different gender for publisher platform 'instagram'", "table": "tml"}, {"nlq": "how many regions are there", "table": "wellbeing"}, {"nlq": "what is the ratio of population below age 6 years in village xyz", "table": "wellbeing"}, {"nlq": "all active campaigns", "table": "tml"}, {"nlq": "total actions on videos watched 95% based on each gender for publisher platform 'instagram'", "table": "tml"}, {"nlq": "what is the h3index and location type of hospital in village xyz", "table": "wellbeing"}, {"nlq": "how many campaign are inactive in tata motors data?", "table": "tml"}, {"nlq": "what is the name of client who is having the campaign named 'ia-tata-nexon23rd april'?", "table": "tml"}, {"nlq": "normalized literacy score of village xyz", "table": "wellbeing"}, {"nlq": "total unique clicks based on unique device platform for campaign named 'ia-tata-nexon23rd april'", "table": "tml"}, {"nlq": "total reach based on each gender for group type 'xyz'", "table": "pfizer"}, {"nlq": "total total_purchases for different country for campaign named 'ia_pfizer_elderly_prevenar'", "table": "pfizer"}, {"nlq": "in district xyz, how many schools are co-educational", "table": "wellbeing"}, {"nlq": "total unique clicks for different device platform for campaign named 'ia-tata-nexon23rd april'", "table": "tml"}, {"nlq": "what is the range of class standards in the school xyz?", "table": "wellbeing"}, {"nlq": "count ads by their names for the campaign named 'ia-tata-hyundai-location-20th-july'.", "table": "tml"}, {"nlq": "how many ad campaigns have non zero conversion value?", "table": "tml"}, {"nlq": "total night light intensity of village named xyz", "table": "wellbeing"}, {"nlq": "bottom 5 campaigns in purchases", "table": "tml"}, {"nlq": "how many schools were stablished before 2016 in district xyz?", "table": "wellbeing"}, {"nlq": "which age group got most frequency for adset 'ia altroz'?", "table": "tml"}, {"nlq": "who is the owner of the building of the school xyz?", "table": "wellbeing"}, {"nlq": "total population of village xyz", "table": "wellbeing"}, {"nlq": "h3 index of restaurant named xyz", "table": "wellbeing"}, {"nlq": "how many distinct males and females were related to adset named 'ia - nexon'?", "table": "tml"}, {"nlq": "which locality have restaurats with chinese cuisine", "table": "wellbeing"}, {"nlq": "how many schools have class standard ranging from 1 to 12?", "table": "wellbeing"}, {"nlq": "number of restaurants in street xyz", "table": "wellbeing"}, {"nlq": "how many user actions recorded for stats id '121203210'?", "table": "tml"}, {"nlq": "maximum total_purchases based on each device platform for publisher platform 'facebook'", "table": "pfizer"}, {"nlq": "how many restaurants accepts only cash in the locality xyz", "table": "wellbeing"}, {"nlq": "how many teachers are there in school xyz?", "table": "wellbeing"}, {"nlq": "what is the ratio of population below 6 years in village xyz", "table": "wellbeing"}, {"nlq": "how much money was spent for a campaign with stats id '121201908'?", "table": "tml"}, {"nlq": "which street have restaurants that serve indian food in there cuisine", "table": "wellbeing"}, {"nlq": "how many houses use bank in village xyz", "table": "wellbeing"}, {"nlq": "how many purchases are done for stats id '121203210'?", "table": "tml"}, {"nlq": "how many schools in state xyz has dth services?", "table": "wellbeing"}, {"nlq": "what is the address of the residence xyz?", "table": "wellbeing"}, {"nlq": "how many schools in district xyz has functional scanners?", "table": "wellbeing"}, {"nlq": "what is the total population of village xyz", "table": "wellbeing"}, {"nlq": "how many schools in state xyz has library?", "table": "wellbeing"}, {"nlq": "in district xyz, how many schools are co-educational and primary", "table": "wellbeing"}, {"nlq": "how many impressions are there for campaign 'ia-tata-nexon23rd april' with unknown gender?", "table": "tml"}, {"nlq": "what is rating range", "table": "wellbeing"}, {"nlq": "minimum impressions based on each gender for publisher platform 'facebook'", "table": "pfizer"}, {"nlq": "is there a stats id, for which total purchase is not zero?", "table": "tml"}, {"nlq": "literacy score of village xyz", "table": "wellbeing"}, {"nlq": "what is the address of the restaurant named xyz", "table": "wellbeing"}, {"nlq": "give me total impressions from the account named 'tata motors ia (test)'.", "table": "tml"}, {"nlq": "how many schools are not primary in the district xyz?", "table": "wellbeing"}, {"nlq": "how many girls toilet are there in school xyz?", "table": "wellbeing"}, {"nlq": "how many interactions tata motors ia (test) got after spending 1153.81?", "table": "tml"}, {"nlq": "maximum total_purchases based on each adset name for campaign named 'ia-tata-nexon23rd april'", "table": "tml"}, {"nlq": "average actions on videos watched 95% based on each gender for publisher platform 'instagram'", "table": "pfizer"}, {"nlq": "what is the campaign name for stats id '121201902'", "table": "tml"}, {"nlq": "how many schools does the state management xyz covers?", "table": "wellbeing"}, {"nlq": "how many clicks we got for a campaign with stats id '121201908'?", "table": "tml"}, {"nlq": "how many houses use lpg as their cooking fuel in village xyz", "table": "wellbeing"}, {"nlq": "how many houses does not have any power source in village 'xyz'", "table": "wellbeing"}, {"nlq": "how many engagements have been seen due to action on post for stats id '121203210'?", "table": "tml"}, {"nlq": "quality score of houses in village xyz", "table": "wellbeing"}, {"nlq": "restaurants in location xyz with lowest price range", "table": "wellbeing"}, {"nlq": "average impressions for different age for group type 'xyz'", "table": "tml"}, {"nlq": "is there dth service available in the school xyz?", "table": "wellbeing"}, {"nlq": "max reach for different age group for publisher platform 'instagram'", "table": "tml"}, {"nlq": "restaurants with both indian and chinese cuisine", "table": "wellbeing"}, {"nlq": "top 5 campaigns in leads", "table": "tml"}, {"nlq": "percent houses using tapwater treated in village xyz", "table": "wellbeing"}, {"nlq": "average actions on videos watched 95% based on each gender for publisher platform 'instagram'", "table": "tml"}, {"nlq": "total geagraphical are of village xyz in hectares", "table": "wellbeing"}, {"nlq": "average clicks for different age for group type 'xyz'", "table": "pfizer"}, {"nlq": "average total_purchases for different age for group type 'xyz'", "table": "pfizer"}, {"nlq": "total actions on videos watched 95% based on each gender for publisher platform 'instagram'", "table": "pfizer"}, {"nlq": "how many people are below 6 years in village xyz", "table": "wellbeing"}, {"nlq": "give me number of clicks and number of unique clicks for stats id '121203210'.", "table": "tml"}, {"nlq": "cheap restaurants in region xyz", "table": "wellbeing"}, {"nlq": "which add campaign has minimum actions on video view?", "table": "tml"}, {"nlq": "in state xyz, how many schools are co-educational and primary", "table": "wellbeing"}, {"nlq": "maximum clicks based on each adset name for campaign named 'ia-tata-nexon23rd april'", "table": "tml"}, {"nlq": "what is the status of campaign name with stats id '121201902'?", "table": "tml"}, {"nlq": "what is the category of the school xyz?", "table": "wellbeing"}, {"nlq": "village with maximum night light intensity", "table": "wellbeing"}, {"nlq": "percent poor houses", "table": "wellbeing"}, {"nlq": "what has been the maximum reach achieved and what campaign it stands for?", "table": "tml"}, {"nlq": "count impressions for different ad_name for account named 'tata motors ia(test)'", "table": "tml"}, {"nlq": "all becosule campaigns", "table": "tml"}, {"nlq": "how many boys toilet are there in school xyz?", "table": "wellbeing"}, {"nlq": "how many districts have hospitals in rural location", "table": "wellbeing"}, {"nlq": "what is the frequency for stats id '121203210'?", "table": "tml"}, {"nlq": "total unique clicks for different device platform for campaign named 'ia_pfizer_elderly_prevenar'", "table": "pfizer"}, {"nlq": "how many bedrooms are there in the residence xyz?", "table": "wellbeing"}, {"nlq": "how many people clicked the ad campaign named 'ia-tata-nexon23rd april' ?", "table": "tml"}, {"nlq": "what national management is associated with the school named xyz?", "table": "wellbeing"}, {"nlq": "which restaurant has lowest rating", "table": "wellbeing"}, {"nlq": "count impressions for different ad_name for account named 'pfizer'", "table": "pfizer"}, {"nlq": "how many functional desktops are there in the school xyz?", "table": "wellbeing"}, {"nlq": "how many schools have pucca boundary walls?", "table": "wellbeing"}, {"nlq": "how many functional printers are there in the school xyz?", "table": "wellbeing"}, {"nlq": "when did the campaign ia-tata-nexon23rd april started?", "table": "tml"}, {"nlq": "how many restaurants are there in locality xyz", "table": "wellbeing"}, {"nlq": "percent house not having any power source in village xyz", "table": "wellbeing"}, {"nlq": "give me the list of categories of boundary walls in all over india.", "table": "wellbeing"}, {"nlq": "how many restaurants open at 10 am", "table": "wellbeing"}, {"nlq": "h3index and location type of hospital in facility xyz", "table": "wellbeing"}, {"nlq": "all adset spends yesterday", "table": "tml"}, {"nlq": "how many children are below 6 years in village xyz", "table": "wellbeing"}, {"nlq": "how many accounts are having campaigns in the data available?", "table": "tml"}, {"nlq": "sum total_purchases for different region for account named 'pfizer'", "table": "pfizer"}, {"nlq": "website for restaurant named xyz", "table": "wellbeing"}, {"nlq": "count spend for different marketing channel for account named 'tata motors ia(test)'", "table": "tml"}, {"nlq": "which adset has the most number of ads?", "table": "tml"}, {"nlq": "maximum impressions based on each device platform for publisher platform 'facebook'", "table": "tml"}, {"nlq": "how many classrooms are there in the school xyz?", "table": "wellbeing"}, {"nlq": "for how many state managements we have information about?", "table": "wellbeing"}, {"nlq": "minimum clicks based on each gender for publisher platform 'facebook'", "table": "pfizer"}, {"nlq": "give me the residence with highest last sale price.", "table": "wellbeing"}, {"nlq": "how many houses have car in village xyz", "table": "wellbeing"}, {"nlq": "which school has highest number of functional laptop?", "table": "wellbeing"}, {"nlq": "total unique clicks based on unique device platform for campaign named 'ia_pfizer_elderly_prevenar'", "table": "pfizer"}, {"nlq": "what is the pincode where the school xyz is located?", "table": "wellbeing"}, {"nlq": "which region have most restaurants from india", "table": "wellbeing"}, {"nlq": "contact number of restaurant named xyz", "table": "wellbeing"}, {"nlq": "sum impressions for different region for account named 'pfizer'", "table": "pfizer"}, {"nlq": "what has been the maximum reach achieved and what stats id it stands for?", "table": "tml"}, {"nlq": "count total_purchases for different ad_name for account named 'pfizer'", "table": "pfizer"}, {"nlq": "number of restaurants in h3 index xyz", "table": "wellbeing"}, {"nlq": "total households in village xyz", "table": "wellbeing"}, {"nlq": "how many schools does the national management xyz covers?", "table": "wellbeing"}, {"nlq": "what is the condition of the boundary walls in the school xyz?", "table": "wellbeing"}, {"nlq": "what is the frequency for reach being 11 and impressions being 14?", "table": "tml"}, {"nlq": "minimum spend based on each gender for publisher platform 'facebook'", "table": "tml"}, {"nlq": "give me total engagements seen due to action post for ad campaign ' ia-tata-tiago_21st june - search'.", "table": "tml"}, {"nlq": "is there zero interactions for any ad?", "table": "tml"}, {"nlq": "average impressions for different marketing channel for account named 'ia_pfizer_elderly_prevenar'", "table": "pfizer"}, {"nlq": "total reach based on each gender for group type 'xyz'", "table": "tml"}, {"nlq": "total clicks for different country for campaign named 'ia_pfizer_elderly_prevenar'", "table": "pfizer"}, {"nlq": "how many distinct age groups are covered by 'tata motors ia test'?", "table": "tml"}, {"nlq": "average total_purchases for different marketing channel for account named 'pfizer'", "table": "pfizer"}, {"nlq": "how many schools in district xyz has internet services?", "table": "wellbeing"}, {"nlq": "what is the class standard in school xyz in which i might get enrollment?", "table": "wellbeing"}, {"nlq": "url for restaurant named xyz", "table": "wellbeing"}, {"nlq": "according to all score, which school is most prosperous?", "table": "wellbeing"}, {"nlq": "price range of restaurant xyz", "table": "wellbeing"}, {"nlq": "how many districts have hospitals", "table": "wellbeing"}, {"nlq": "h3index and location type of hospital in village xyz", "table": "wellbeing"}, {"nlq": "how many schools in district xyz has functional printers?", "table": "wellbeing"}, {"nlq": "how many people have rated the restaurant xyz", "table": "wellbeing"}, {"nlq": "which residence is the largest in size?", "table": "wellbeing"}, {"nlq": "which school has the highest score?", "table": "wellbeing"}, {"nlq": "what is the number of schools in state xyz?", "table": "wellbeing"}, {"nlq": "in village named xyz, how many houses have car", "table": "wellbeing"}, {"nlq": "number of households in village xyz", "table": "wellbeing"}, {"nlq": "minimum impressions based on each gender for publisher platform 'facebook'", "table": "tml"}, {"nlq": "opening hour for restaurant named xyz", "table": "wellbeing"}, {"nlq": "how many houses have electricity in village xyz", "table": "wellbeing"}, {"nlq": "how many schools are primary in the state xyz?", "table": "wellbeing"}, {"nlq": "worst 3 adsets from 1st jan 2022 to 15 jan 2022 according to impressions", "table": "tml"}, {"nlq": "average clicks for different age for group type 'xyz'", "table": "tml"}, {"nlq": "maximum impressions based on each adset name for campaign named 'ia_pfizer_elderly_prevenar'", "table": "pfizer"}, {"nlq": "average impressions for different marketing channel for account named 'tata motors ia(test)'", "table": "tml"}, {"nlq": "minimum total_purchases based on each gender device for group type 'xyz'", "table": "tml"}, {"nlq": "in village named xyz, how many houses have no asset", "table": "wellbeing"}, {"nlq": "minimum total_purchases based on each gender for publisher platform 'facebook'", "table": "pfizer"}, {"nlq": "how many schools enroll only girls ?", "table": "wellbeing"}, {"nlq": "tell me whether campaign named 'ia-tata-nexon23rd april' active or not", "table": "tml"}, {"nlq": "minimum clicks based on each gender for publisher platform 'facebook'", "table": "tml"}, {"nlq": "how many schools are there in a place with pincode 123456?", "table": "wellbeing"}, {"nlq": "which restaurants accepts upi payments", "table": "wellbeing"}, {"nlq": "sum clicks for different region for account named 'pfizer'", "table": "pfizer"}, {"nlq": "all google campaigns in last 15 days", "table": "tml"}, {"nlq": "which class standard does the school xyz starts from?", "table": "wellbeing"}, {"nlq": "village with highest p06_score", "table": "wellbeing"}, {"nlq": "give me the residence with most number of beds.", "table": "wellbeing"}, {"nlq": "which campaign has the most engagement due to action on post?", "table": "tml"}, {"nlq": "how many schools are there in the h3index xyz?", "table": "wellbeing"}, {"nlq": "what payment methods are there in restaurants named xyz", "table": "wellbeing"}, {"nlq": "sum clicks for different region for account named 'tata motors ia(test)'", "table": "tml"}, {"nlq": "count clicks for different ad_name for account named 'tata motors ia(test)'", "table": "tml"}, {"nlq": "number of literate people in village xyz", "table": "wellbeing"}, {"nlq": "percent houses having electricity in village named xyz", "table": "wellbeing"}, {"nlq": "what is the h3index associated with the residence xyz?", "table": "wellbeing"}, {"nlq": "how many houses use treated tapwater in village xyz", "table": "wellbeing"}, {"nlq": "normalized total population below 6 years in village xyz", "table": "wellbeing"}, {"nlq": "average clicks for different marketing channel for account named 'tata motors ia(test)'", "table": "tml"}, {"nlq": "minimum impressions based on each impression device for group type 'xyz'", "table": "tml"}, {"nlq": "contact of restaurant named xyz", "table": "wellbeing"}, {"nlq": "which restaurant has highest number of rating count", "table": "wellbeing"}, {"nlq": "minimum spend based on each gender for publisher platform 'facebook'", "table": "pfizer"}, {"nlq": "how many schools in district xyz has functional web cam?", "table": "wellbeing"}, {"nlq": "how many households are there in village xyz", "table": "wellbeing"}, {"nlq": "in which class standard would i get farewell in?", "table": "wellbeing"}, {"nlq": "which village has highest number of houses having electricity", "table": "wellbeing"}, {"nlq": "how many schools have girls toilet in the state xyz?", "table": "wellbeing"}, {"nlq": "what is the school code of the school named xyz?", "table": "wellbeing"}, {"nlq": "is there internet service available in the school xyz?", "table": "wellbeing"}, {"nlq": "how many ads are there in the adset named 'ia - tigor'?", "table": "tml"}, {"nlq": "give me all actions done on the video in ad campaign ia-tata-tiago_21st june - search.", "table": "tml"}, {"nlq": "what is the name of the campaign related to adset 'ia - tigor'?", "table": "tml"}, {"nlq": "give me the account name for stats id '121201902'.", "table": "tml"}, {"nlq": "all facebook campaigns", "table": "tml"}, {"nlq": "h3index with maximum number of hospitals", "table": "wellbeing"}, {"nlq": "how many total people saw the ad campaign 'ia-tata-tiago_21st june - search'?", "table": "tml"}, {"nlq": "how many residences are there in the h3index xyz?", "table": "wellbeing"}, {"nlq": "count spend for different marketing channel for account named 'pfizer'", "table": "pfizer"}, {"nlq": "which village has highest number of houses using treated tapwater", "table": "wellbeing"}, {"nlq": "count video_p95_watched_actions based on each gender for publisher platform 'instagram'", "table": "tml"}, {"nlq": "how many total clicks we got for campaign named 'ia-tata-nexon23rd april'?", "table": "tml"}, {"nlq": "in state xyz, how many schools are co-educational", "table": "wellbeing"}, {"nlq": "minimum number campaigns started on which date?", "table": "tml"}]}]}